Lithology_type;Porosity;Exp_decay, km-1;Grain density;TC matrix;Radiogenic Heat Production;Ki_framework
Shales;0.63;0.51;2720;2;0.0000017;2
Sandstones;0.49;0.27;2650;5.5;0.0000012;5.5
Chalk;0.7;0.71;2710;3.3;0.0000004;3.3
Limestones;0.4;0.60;2710;3.3;0.0000005;3.3
Dolomite;0.2;0.60;2870;5.3;0.0000004;5.3
Anhydrite;0.05;0.20;2960;6.3;0.0000001;6.3
Quartzite;0.2;0.30;2650;7.7;0.0000005;7.7
Fundament;0;0;2800;3;0.0000028;3
